<?xml version="1.0" encoding="UTF-8"?>
<beans xmlns="http://www.springframework.org/schema/beans"
       xmlns:xsi="http://www.w3.org/2001/XMLSchema-instance"
       xmlns:context="http://www.springframework.org/schema/context"
       xmlns:tx="http://www.springframework.org/schema/tx"
       xmlns:aop="http://www.springframework.org/schema/aop"
       xsi:schemaLocation="http://www.springframework.org/schema/beans http://www.springframework.org/schema/beans/spring-beans.xsd
http://www.springframework.org/schema/tx http://www.springframework.org/schema/tx/spring-tx.xsd http://www.springframework.org/schema/aop http://www.springframework.org/schema/aop/spring-aop.xsd
http://www.springframework.org/schema/context http://www.springframework.org/schema/context/spring-context.xsd">
    <context:component-scan base-package="com.icss.service"/>
    <context:component-scan base-package="com.icss.dao"/>
    <bean id="ds" class="com.mchange.v2.c3p0.ComboPooledDataSource">
        <property name="jdbcUrl"
                  value="jdbc:mysql://localhost:3306/db2028?useUnicode=true&amp;characterEncoding=UTF-8&amp;
                  useJDBCCompliantTimezoneShift=true&amp;useLegacyDatetimeCode=false&amp;serverTimezone=Asia/Shanghai"/>
        <property name="driverClass" value="com.mysql.cj.jdbc.Driver"/>
        <property name="user" value="root"/>
        <property name="password" value="1234"/>
        <property name="initialPoolSize" value="3"/>
        <property name="maxPoolSize" value="10"/>
        <property name="minPoolSize" value="1"/>
        <property name="acquireIncrement" value="3"/>
        <property name="maxIdleTime" value="60"/>
    </bean>

    <bean id="JdbcTemplate" class="org.springframework.jdbc.core.JdbcTemplate">
        <property name="dataSource" ref="ds"/>
    </bean>

    <bean id="transManager" class="org.springframework.jdbc.datasource.DataSourceTransactionManager">
        <property name="dataSource" ref="ds"/>
    </bean>

<!--    <tx:advice id="txTransManager" transaction-manager="transManager" >
        <tx:attributes>
            <tx:method name="insert*" isolation="DEFAULT" propagation="REQUIRED" read-only="false" />
            <tx:method name="update*" isolation="DEFAULT" propagation="REQUIRED" read-only="false" />
            <tx:method name="delete*" isolation="DEFAULT" propagation="REQUIRED" read-only="false" />
            <tx:method name="select*" read-only="true" />
            <tx:method name="load*" read-only="true" />
        </tx:attributes>
    </tx:advice>
    <aop:config>
        <aop:pointcut id="txPointCut" expression="within(com.icss.service.*)"/>
        <aop:advisor advice-ref="txTransManager" pointcut-ref="txPointCut"/>
    </aop:config>-->

    <tx:annotation-driven transaction-manager="transManager"/>
</beans>
