<?xml version="1.0" encoding="UTF-8"?>
<beans xmlns="http://www.springframework.org/schema/beans"
       xmlns:xsi="http://www.w3.org/2001/XMLSchema-instance" xmlns:aop="http://www.springframework.org/schema/aop"
       xmlns:context="http://www.springframework.org/schema/context"
       xsi:schemaLocation="http://www.springframework.org/schema/beans http://www.springframework.org/schema/beans/spring-beans.xsd http://www.springframework.org/schema/aop http://www.springframework.org/schema/aop/spring-aop.xsd http://www.springframework.org/schema/context http://www.springframework.org/schema/context/spring-context.xsd">

    <!--<bean id="target" class="com.icss.bean.Target"/>
    <bean id="testBefore" class="com.icss.test.TestBefore"/>
    <bean id="testAfterReturn" class="com.icss.test.TestAfterReturn"/>
    <bean id="testThrowException" class="com.icss.test.TestThrowException"/>
    <bean id="testAfter" class="com.icss.test.TestAfter"/>
    <bean id="testAround" class="com.icss.test.TestAround"/>-->
    <!--<aop:config>
        &lt;!&ndash;切入点配置&ndash;&gt;
        <aop:pointcut id="targetPointcut" expression="within(com.icss.bean.Target)"/>
        &lt;!&ndash;<aop:aspect ref="testBefore">
            <aop:before method="doBefore" pointcut-ref="targetPointcut"/>
        </aop:aspect>&ndash;&gt;

        &lt;!&ndash;<aop:aspect ref="testAfterReturn">
            <aop:after-returning method="testAfterReturn" pointcut-ref="targetPointcut" returning="oRet"/>
        </aop:aspect>&ndash;&gt;

        &lt;!&ndash;<aop:aspect ref="testThrowException">
            <aop:after-throwing method="doException" pointcut-ref="targetPointcut"
            throwing="e"/>
        </aop:aspect>&ndash;&gt;

        &lt;!&ndash;<aop:aspect ref="testAfter">
            <aop:after method="doAfter" pointcut-ref="targetPointcut"/>
        </aop:aspect>&ndash;&gt;

        &lt;!&ndash;<aop:aspect ref="testAround">
            <aop:around method="doAround" pointcut-ref="targetPointcut"/>
        </aop:aspect>&ndash;&gt;
    </aop:config>-->

    <context:component-scan base-package="com.icss"></context:component-scan>
    <aop:aspectj-autoproxy></aop:aspectj-autoproxy>
</beans>
